A menudo yo conozco a mi madrastra.,Often I know my stepmother.,conocer (present tense),conjugation:Present verb:conocer
Anteanoche yo conocí a mi padrino.,The night before last I met my godfather.,conocer (past preterite tense),conjugation:PastPreterite verb:conocer
De vez en cuando yo conocía a mi bisnieta.,From time to time I knew my great granddaughter.,conocer (past imperfect tense),conjugation:PastImperfect verb:conocer
Yo conoceré a mi padre.,I will meet my father.,conocer (future tense),conjugation:Future verb:conocer
Por supuesto yo conocería a mi cuñado.,Of course I would know my brother-in-law.,conocer (conditional tense),conjugation:Conditional verb:conocer
Yo he conocido a mi bisabuelo.,I have known my great grandfather.,conocer (present perfect tense),conjugation:PresentPerfect verb:conocer
Normalmente tú conoces a mi hijastra.,(tú) Normally you know my stepdaughter.,conocer (present tense),conjugation:Present verb:conocer
En ese momento tú conociste a mi hermanastro.,(tú) At this moment you met my stepbrother.,conocer (past preterite tense),conjugation:PastPreterite verb:conocer
Todos los años tú conocías a mi bisnieta.,(tú) Every year you knew my great granddaughter.,conocer (past imperfect tense),conjugation:PastImperfect verb:conocer
Esta primavera tú conocerás a mi primo.,(tú) This spring you will meet my cousin.,conocer (future tense),conjugation:Future verb:conocer
Tú conocerías a mi sobrino.,(tú) You would know my nephew.,conocer (conditional tense),conjugation:Conditional verb:conocer
Tú has conocido a mi esposo.,(tú) You have known my husband.,conocer (present perfect tense),conjugation:PresentPerfect verb:conocer
De vez en cuando usted conoce a mi bisabuela.,(usted) From time to time you know my great grandmother.,conocer (present tense),conjugation:Present verb:conocer
En ese instante ella conoció a mi suegra.,At this instant she met my mother-in-law.,conocer (past preterite tense),conjugation:PastPreterite verb:conocer
Casi siempre usted conocía a mi ahijado.,(usted) Almost always you knew my godson.,conocer (past imperfect tense),conjugation:PastImperfect verb:conocer
Él conocerá a mi hermanastro.,He will meet my stepbrother.,conocer (future tense),conjugation:Future verb:conocer
Ella conocería a mi sobrina.,She would know my niece.,conocer (conditional tense),conjugation:Conditional verb:conocer
Ella ha conocido a mi madrina.,She has known my godmother.,conocer (present perfect tense),conjugation:PresentPerfect verb:conocer
Ahora nosotros conocemos a mi padre.,Now we know my father.,conocer (present tense),conjugation:Present verb:conocer
El mes pasado nosotros conocimos a mi hermanastra.,Last month we met my stepsister.,conocer (past preterite tense),conjugation:PastPreterite verb:conocer
Muchas veces nosotros conocíamos a mi abuelo.,Many times we knew my grandfather.,conocer (past imperfect tense),conjugation:PastImperfect verb:conocer
Pasado mañana nosotros conoceremos a mi hermana.,After tomorrow we will meet my sister.,conocer (future tense),conjugation:Future verb:conocer
Por supuesto nosotros conoceríamos a mi padrino.,Of course we would know my godfather.,conocer (conditional tense),conjugation:Conditional verb:conocer
Nosotros hemos conocido a mi bisnieta.,We have known my great granddaughter.,conocer (present perfect tense),conjugation:PresentPerfect verb:conocer
Ustedes conocen a mi tía.,You all know my aunt.,conocer (present tense),conjugation:Present verb:conocer
De pronto ellos conocieron a mi suegro.,(ellos) Suddenly they met my father-in-law.,conocer (past preterite tense),conjugation:PastPreterite verb:conocer
Muchas veces ellos conocían a mi cuñado.,(ellos) Many times they knew my brother-in-law.,conocer (past imperfect tense),conjugation:PastImperfect verb:conocer
Esta noche ellos conocerán a mi nieta.,(ellos) Tonight they will meet my granddaughter.,conocer (future tense),conjugation:Future verb:conocer
Ustedes conocerían a mi cuñado.,You all would know my brother-in-law.,conocer (conditional tense),conjugation:Conditional verb:conocer
Ellas han conocido a mi madre.,(ellas) They have known my mother.,conocer (present perfect tense),conjugation:PresentPerfect verb:conocer
